NAME	GS<br> follow link to MSigDB	GS DETAILS	SIZE	ES	NES	NOM p-val	FDR q-val	FWER p-val	RANK AT MAX	LEADING EDGE	
GO:0003682 CHROMATIN BINDING	GO:0003682 CHROMATIN BINDING		80	0.5124333	2.057591	0.0	0.015441964	0.014	1020	tags=43%, list=19%, signal=52%	
GO:0006338 CHROMATIN REMODELING	GO:0006338 CHROMATIN REMODELING		45	0.5444014	1.9600065	0.0	0.04043861	0.071	1557	tags=60%, list=29%, signal=84%	
GO:0031122 CYTOPLASMIC MICROTUBULE ORGANIZATION	GO:0031122 CYTOPLASMIC MICROTUBULE ORGANIZATION		15	0.6805659	1.9387715	0.0016920473	0.037041098	0.097	983	tags=53%, list=19%, signal=65%	
GO:0007165 SIGNAL TRANSDUCTION	GO:0007165 SIGNAL TRANSDUCTION		74	0.47990003	1.9153259	0.0	0.038699165	0.133	1623	tags=51%, list=31%, signal=73%	
GO:0008582 REGULATION OF SYNAPTIC ASSEMBLY AT NEUROMUSCULAR JUNCTION	GO:0008582 REGULATION OF SYNAPTIC ASSEMBLY AT NEUROMUSCULAR JUNCTION		31	0.5511237	1.890059	0.0016233766	0.04629037	0.189	1397	tags=58%, list=26%, signal=78%	
GO:0005643 NUCLEAR PORE	GO:0005643 NUCLEAR PORE		25	0.5931988	1.8867514	0.0	0.041509822	0.2	1167	tags=56%, list=22%, signal=72%	
GO:0019905 SYNTAXIN BINDING	GO:0019905 SYNTAXIN BINDING		21	0.6241272	1.8743079	0.0	0.04104875	0.229	1077	tags=48%, list=20%, signal=60%	
GO:0017056 STRUCTURAL CONSTITUENT OF NUCLEAR PORE	GO:0017056 STRUCTURAL CONSTITUENT OF NUCLEAR PORE		19	0.63050735	1.8646884	0.0016129032	0.041139934	0.257	1214	tags=63%, list=23%, signal=82%	
GO:0042393 HISTONE BINDING	GO:0042393 HISTONE BINDING		41	0.5220867	1.8593484	0.0	0.03888022	0.269	1619	tags=51%, list=31%, signal=73%	
GO:0005705 POLYTENE CHROMOSOME INTERBAND	GO:0005705 POLYTENE CHROMOSOME INTERBAND		30	0.555331	1.8549516	0.0	0.03618754	0.278	1554	tags=63%, list=29%, signal=89%	
GO:0043235 RECEPTOR COMPLEX	GO:0043235 RECEPTOR COMPLEX		15	0.66409916	1.8482603	0.0017064846	0.035772372	0.296	1205	tags=67%, list=23%, signal=86%	
GO:0090630 ACTIVATION OF GTPASE ACTIVITY	GO:0090630 ACTIVATION OF GTPASE ACTIVITY		27	0.5632562	1.8444092	0.0	0.034165435	0.308	966	tags=52%, list=18%, signal=63%	
GO:0050808 SYNAPSE ORGANIZATION	GO:0050808 SYNAPSE ORGANIZATION		40	0.52102375	1.8431259	0.0	0.032122653	0.312	1329	tags=55%, list=25%, signal=73%	
GO:0007349 CELLULARIZATION	GO:0007349 CELLULARIZATION		27	0.5560847	1.8258893	0.0016155089	0.03750526	0.374	571	tags=41%, list=11%, signal=45%	
GO:0007274 NEUROMUSCULAR SYNAPTIC TRANSMISSION	GO:0007274 NEUROMUSCULAR SYNAPTIC TRANSMISSION		43	0.50424004	1.8218116	0.0015037594	0.03711189	0.39	623	tags=33%, list=12%, signal=37%	
GO:0006468 PROTEIN PHOSPHORYLATION	GO:0006468 PROTEIN PHOSPHORYLATION		114	0.41094887	1.7745994	0.0	0.057094686	0.569	1316	tags=43%, list=25%, signal=56%	
GO:0000922 SPINDLE POLE	GO:0000922 SPINDLE POLE		15	0.62849885	1.764827	0.0049261083	0.060102258	0.613	1494	tags=60%, list=28%, signal=83%	
GO:0005096 GTPASE ACTIVATOR ACTIVITY	GO:0005096 GTPASE ACTIVATOR ACTIVITY		61	0.46022937	1.7570498	0.0	0.062107876	0.643	789	tags=38%, list=15%, signal=44%	
GO:0061630 UBIQUITIN PROTEIN LIGASE ACTIVITY	GO:0061630 UBIQUITIN PROTEIN LIGASE ACTIVITY		63	0.45274013	1.7496077	0.0028694405	0.063624814	0.676	1795	tags=51%, list=34%, signal=76%	
GO:0006355 REGULATION OF TRANSCRIPTION, DNA-TEMPLATED	GO:0006355 REGULATION OF TRANSCRIPTION, DNA-TEMPLATED		89	0.42617148	1.7385038	0.0	0.0670523	0.705	1392	tags=42%, list=26%, signal=55%	
GO:0004842 UBIQUITIN-PROTEIN TRANSFERASE ACTIVITY	GO:0004842 UBIQUITIN-PROTEIN TRANSFERASE ACTIVITY		41	0.47935686	1.7265232	0.0031298904	0.07212358	0.756	892	tags=32%, list=17%, signal=38%	
GO:0006367 TRANSCRIPTION INITIATION FROM RNA POLYMERASE II PROMOTER	GO:0006367 TRANSCRIPTION INITIATION FROM RNA POLYMERASE II PROMOTER		25	0.53855723	1.7196056	0.0031545742	0.07315698	0.779	1647	tags=52%, list=31%, signal=75%	
GO:0042391 REGULATION OF MEMBRANE POTENTIAL	GO:0042391 REGULATION OF MEMBRANE POTENTIAL		26	0.5291852	1.7135905	0.009933775	0.07443432	0.795	1623	tags=54%, list=31%, signal=77%	
GO:0006357 REGULATION OF TRANSCRIPTION BY RNA POLYMERASE II	GO:0006357 REGULATION OF TRANSCRIPTION BY RNA POLYMERASE II		166	0.38022286	1.70978	0.0	0.07466547	0.807	1587	tags=46%, list=30%, signal=63%	
GO:0043005 NEURON PROJECTION	GO:0043005 NEURON PROJECTION		62	0.44306138	1.7040082	0.0060790274	0.07571062	0.823	1377	tags=42%, list=26%, signal=56%	
GO:0009408 RESPONSE TO HEAT	GO:0009408 RESPONSE TO HEAT		33	0.49696532	1.6927226	0.0033057851	0.08113092	0.861	1399	tags=52%, list=26%, signal=70%	
GO:0007528 NEUROMUSCULAR JUNCTION DEVELOPMENT	GO:0007528 NEUROMUSCULAR JUNCTION DEVELOPMENT		37	0.48252025	1.687705	0.0015698588	0.08299734	0.872	2072	tags=54%, list=39%, signal=88%	
GO:0009267 CELLULAR RESPONSE TO STARVATION	GO:0009267 CELLULAR RESPONSE TO STARVATION		40	0.4661669	1.6825223	0.0031007752	0.08479328	0.885	1256	tags=45%, list=24%, signal=59%	
GO:0005819 SPINDLE	GO:0005819 SPINDLE		20	0.5545055	1.6768274	0.010016695	0.087402485	0.905	890	tags=50%, list=17%, signal=60%	
GO:0006887 EXOCYTOSIS	GO:0006887 EXOCYTOSIS		29	0.5025443	1.662029	0.011217949	0.09660039	0.939	803	tags=31%, list=15%, signal=36%	
GO:0072659 PROTEIN LOCALIZATION TO PLASMA MEMBRANE	GO:0072659 PROTEIN LOCALIZATION TO PLASMA MEMBRANE		28	0.50042415	1.6609492	0.012461059	0.094226524	0.94	1268	tags=57%, list=24%, signal=75%	
GO:0005763 MITOCHONDRIAL SMALL RIBOSOMAL SUBUNIT	GO:0005763 MITOCHONDRIAL SMALL RIBOSOMAL SUBUNIT		27	0.50310135	1.6423124	0.011551155	0.107913695	0.964	1744	tags=56%, list=33%, signal=83%	
GO:0007169 TRANSMEMBRANE RECEPTOR PROTEIN TYROSINE KINASE SIGNALING PATHWAY	GO:0007169 TRANSMEMBRANE RECEPTOR PROTEIN TYROSINE KINASE SIGNALING PATHWAY		18	0.55448216	1.640413	0.014925373	0.10712581	0.968	1166	tags=50%, list=22%, signal=64%	
GO:0097352 AUTOPHAGOSOME MATURATION	GO:0097352 AUTOPHAGOSOME MATURATION		15	0.5866999	1.639119	0.010416667	0.105072975	0.97	1184	tags=40%, list=22%, signal=51%	
GO:0008049 MALE COURTSHIP BEHAVIOR	GO:0008049 MALE COURTSHIP BEHAVIOR		21	0.54113704	1.6376172	0.013179571	0.10356779	0.972	1411	tags=52%, list=27%, signal=71%	
GO:0031201 SNARE COMPLEX	GO:0031201 SNARE COMPLEX		29	0.48734695	1.6374725	0.01244168	0.1007833	0.972	963	tags=31%, list=18%, signal=38%	
GO:0034613 CELLULAR PROTEIN LOCALIZATION	GO:0034613 CELLULAR PROTEIN LOCALIZATION		17	0.56339836	1.6267765	0.008445946	0.10713141	0.977	346	tags=29%, list=7%, signal=31%	
GO:0043565 SEQUENCE-SPECIFIC DNA BINDING	GO:0043565 SEQUENCE-SPECIFIC DNA BINDING		36	0.4668769	1.6222228	0.011006289	0.10905277	0.979	1758	tags=56%, list=33%, signal=83%	
GO:0072686 MITOTIC SPINDLE	GO:0072686 MITOTIC SPINDLE		16	0.5739524	1.621777	0.020066889	0.10653985	0.979	1488	tags=56%, list=28%, signal=78%	
GO:0006890 RETROGRADE VESICLE-MEDIATED TRANSPORT, GOLGI TO ENDOPLASMIC RETICULUM	GO:0006890 RETROGRADE VESICLE-MEDIATED TRANSPORT, GOLGI TO ENDOPLASMIC RETICULUM		21	0.5174189	1.618741	0.019736841	0.10669417	0.98	1244	tags=48%, list=24%, signal=62%	
GO:0007465 R7 CELL FATE COMMITMENT	GO:0007465 R7 CELL FATE COMMITMENT		18	0.5516838	1.6184732	0.024752475	0.104335845	0.98	636	tags=39%, list=12%, signal=44%	
GO:0007417 CENTRAL NERVOUS SYSTEM DEVELOPMENT	GO:0007417 CENTRAL NERVOUS SYSTEM DEVELOPMENT		33	0.4692847	1.6127608	0.009677419	0.107094124	0.983	1132	tags=39%, list=21%, signal=50%	
GO:0048010 VASCULAR ENDOTHELIAL GROWTH FACTOR RECEPTOR SIGNALING PATHWAY	GO:0048010 VASCULAR ENDOTHELIAL GROWTH FACTOR RECEPTOR SIGNALING PATHWAY		23	0.51273036	1.6017941	0.01904762	0.11471752	0.989	1255	tags=43%, list=24%, signal=57%	
GO:0048786 PRESYNAPTIC ACTIVE ZONE	GO:0048786 PRESYNAPTIC ACTIVE ZONE		23	0.5202975	1.6015154	0.025316456	0.11235927	0.989	1082	tags=48%, list=20%, signal=60%	
GO:0030594 NEUROTRANSMITTER RECEPTOR ACTIVITY	GO:0030594 NEUROTRANSMITTER RECEPTOR ACTIVITY		19	0.53499717	1.5976952	0.026101142	0.11426607	0.991	1206	tags=42%, list=23%, signal=54%	
GO:0007269 NEUROTRANSMITTER SECRETION	GO:0007269 NEUROTRANSMITTER SECRETION		61	0.40920502	1.5915467	0.005934718	0.117724635	0.992	967	tags=33%, list=18%, signal=40%	
GO:0007052 MITOTIC SPINDLE ORGANIZATION	GO:0007052 MITOTIC SPINDLE ORGANIZATION		21	0.52196944	1.5852456	0.024390243	0.12143608	0.994	1054	tags=38%, list=20%, signal=47%	
GO:0005813 CENTROSOME	GO:0005813 CENTROSOME		39	0.45380372	1.5840955	0.013888889	0.12002619	0.994	1260	tags=44%, list=24%, signal=57%	
GO:0071013 CATALYTIC STEP 2 SPLICEOSOME	GO:0071013 CATALYTIC STEP 2 SPLICEOSOME		107	0.3740712	1.5785073	0.0028818443	0.12362941	0.996	1629	tags=39%, list=31%, signal=56%	
GO:0000785 CHROMATIN	GO:0000785 CHROMATIN		56	0.41463324	1.5780532	0.00755287	0.121570684	0.996	1175	tags=38%, list=22%, signal=48%	
GO:0003677 DNA BINDING	GO:0003677 DNA BINDING		122	0.3660286	1.5754828	0.0014124294	0.121356964	0.997	1824	tags=48%, list=35%, signal=72%	
GO:0016319 MUSHROOM BODY DEVELOPMENT	GO:0016319 MUSHROOM BODY DEVELOPMENT		47	0.42891738	1.5743105	0.015479876	0.12015838	0.997	1082	tags=34%, list=20%, signal=42%	
GO:0045886 NEGATIVE REGULATION OF SYNAPTIC ASSEMBLY AT NEUROMUSCULAR JUNCTION	GO:0045886 NEGATIVE REGULATION OF SYNAPTIC ASSEMBLY AT NEUROMUSCULAR JUNCTION		34	0.4573061	1.5732898	0.01754386	0.11897149	0.997	1858	tags=71%, list=35%, signal=108%	
GO:0004674 PROTEIN SERINE/THREONINE KINASE ACTIVITY	GO:0004674 PROTEIN SERINE/THREONINE KINASE ACTIVITY		83	0.38404682	1.570934	0.008720931	0.119455956	0.998	1371	tags=45%, list=26%, signal=59%	
GO:0005700 POLYTENE CHROMOSOME	GO:0005700 POLYTENE CHROMOSOME		89	0.38169208	1.5673108	0.004304161	0.12111854	0.998	1641	tags=46%, list=31%, signal=66%	
GO:0140297 DNA-BINDING TRANSCRIPTION FACTOR BINDING	GO:0140297 DNA-BINDING TRANSCRIPTION FACTOR BINDING		17	0.53525305	1.5651814	0.026711185	0.12102526	0.998	1299	tags=59%, list=25%, signal=78%	
GO:0010628 POSITIVE REGULATION OF GENE EXPRESSION	GO:0010628 POSITIVE REGULATION OF GENE EXPRESSION		36	0.45654386	1.5649861	0.026941363	0.11901854	0.998	1764	tags=61%, list=33%, signal=91%	
GO:0048675 AXON EXTENSION	GO:0048675 AXON EXTENSION		20	0.5233587	1.5584214	0.026272578	0.12331639	0.998	1400	tags=55%, list=27%, signal=75%	
GO:0016192 VESICLE-MEDIATED TRANSPORT	GO:0016192 VESICLE-MEDIATED TRANSPORT		105	0.36790797	1.55466	0.0014450867	0.12478368	0.999	1002	tags=30%, list=19%, signal=37%	
GO:0070374 POSITIVE REGULATION OF ERK1 AND ERK2 CASCADE	GO:0070374 POSITIVE REGULATION OF ERK1 AND ERK2 CASCADE		18	0.5201788	1.5527831	0.0336	0.12477807	0.999	1166	tags=44%, list=22%, signal=57%	
GO:0000791 EUCHROMATIN	GO:0000791 EUCHROMATIN		38	0.4418996	1.5415972	0.025993884	0.13376929	1.0	1512	tags=53%, list=29%, signal=73%	
GO:0071011 PRECATALYTIC SPLICEOSOME	GO:0071011 PRECATALYTIC SPLICEOSOME		123	0.35544428	1.540012	0.0013774105	0.13296604	1.0	1550	tags=37%, list=29%, signal=52%	
GO:0043087 REGULATION OF GTPASE ACTIVITY	GO:0043087 REGULATION OF GTPASE ACTIVITY		42	0.4260066	1.5396041	0.020602219	0.13125655	1.0	1202	tags=45%, list=23%, signal=58%	
GO:0032589 NEURON PROJECTION MEMBRANE	GO:0032589 NEURON PROJECTION MEMBRANE		15	0.5549775	1.5379897	0.035117056	0.13104579	1.0	666	tags=40%, list=13%, signal=46%	
GO:0034220 ION TRANSMEMBRANE TRANSPORT	GO:0034220 ION TRANSMEMBRANE TRANSPORT		15	0.5409525	1.5306238	0.051369864	0.13693595	1.0	1206	tags=40%, list=23%, signal=52%	
GO:0008021 SYNAPTIC VESICLE	GO:0008021 SYNAPTIC VESICLE		52	0.41033602	1.523316	0.016768293	0.14267874	1.0	1551	tags=46%, list=29%, signal=65%	
GO:0045893 POSITIVE REGULATION OF TRANSCRIPTION, DNA-TEMPLATED	GO:0045893 POSITIVE REGULATION OF TRANSCRIPTION, DNA-TEMPLATED		63	0.39815235	1.5189457	0.020249221	0.14537755	1.0	1419	tags=38%, list=27%, signal=51%	
GO:0007173 EPIDERMAL GROWTH FACTOR RECEPTOR SIGNALING PATHWAY	GO:0007173 EPIDERMAL GROWTH FACTOR RECEPTOR SIGNALING PATHWAY		15	0.5389194	1.5154674	0.039473683	0.14675537	1.0	1924	tags=80%, list=36%, signal=125%	
GO:0048813 DENDRITE MORPHOGENESIS	GO:0048813 DENDRITE MORPHOGENESIS		62	0.3908396	1.50554	0.017216643	0.15612464	1.0	1290	tags=35%, list=24%, signal=46%	
GO:0016567 PROTEIN UBIQUITINATION	GO:0016567 PROTEIN UBIQUITINATION		54	0.39398688	1.5030258	0.014430014	0.15672062	1.0	1416	tags=39%, list=27%, signal=53%	
GO:0000122 NEGATIVE REGULATION OF TRANSCRIPTION BY RNA POLYMERASE II	GO:0000122 NEGATIVE REGULATION OF TRANSCRIPTION BY RNA POLYMERASE II		70	0.37717098	1.5002884	0.01764706	0.1577404	1.0	1575	tags=49%, list=30%, signal=68%	
GO:0008587 IMAGINAL DISC-DERIVED WING MARGIN MORPHOGENESIS	GO:0008587 IMAGINAL DISC-DERIVED WING MARGIN MORPHOGENESIS		24	0.47255415	1.498743	0.024	0.15711124	1.0	1526	tags=58%, list=29%, signal=82%	
GO:0045892 NEGATIVE REGULATION OF TRANSCRIPTION, DNA-TEMPLATED	GO:0045892 NEGATIVE REGULATION OF TRANSCRIPTION, DNA-TEMPLATED		56	0.3954374	1.4957393	0.024242423	0.1586101	1.0	1764	tags=52%, list=33%, signal=77%	
GO:0031594 NEUROMUSCULAR JUNCTION	GO:0031594 NEUROMUSCULAR JUNCTION		57	0.39093938	1.4819173	0.024024025	0.17267781	1.0	1028	tags=35%, list=19%, signal=43%	
GO:0043547 POSITIVE REGULATION OF GTPASE ACTIVITY	GO:0043547 POSITIVE REGULATION OF GTPASE ACTIVITY		31	0.44775885	1.4775907	0.038772214	0.17563286	1.0	1351	tags=48%, list=26%, signal=65%	
GO:0005524 ATP BINDING	GO:0005524 ATP BINDING		364	0.2999229	1.4635493	0.0	0.19049853	1.0	1327	tags=34%, list=25%, signal=42%	
GO:0007283 SPERMATOGENESIS	GO:0007283 SPERMATOGENESIS		55	0.38299003	1.4621079	0.0288	0.18987074	1.0	1632	tags=44%, list=31%, signal=62%	
GO:2000331 REGULATION OF TERMINAL BUTTON ORGANIZATION	GO:2000331 REGULATION OF TERMINAL BUTTON ORGANIZATION		20	0.48892075	1.4599622	0.044262294	0.19029957	1.0	1298	tags=45%, list=25%, signal=59%	
GO:0016079 SYNAPTIC VESICLE EXOCYTOSIS	GO:0016079 SYNAPTIC VESICLE EXOCYTOSIS		19	0.48767614	1.4542174	0.057971016	0.19584587	1.0	812	tags=37%, list=15%, signal=43%	
GO:0000398 MRNA SPLICING, VIA SPLICEOSOME	GO:0000398 MRNA SPLICING, VIA SPLICEOSOME		162	0.32467815	1.4531991	0.005277045	0.19470948	1.0	1648	tags=39%, list=31%, signal=55%	
GO:0045202 SYNAPSE	GO:0045202 SYNAPSE		70	0.37242228	1.4524703	0.023255814	0.19343825	1.0	1508	tags=44%, list=29%, signal=61%	
GO:0005085 GUANYL-NUCLEOTIDE EXCHANGE FACTOR ACTIVITY	GO:0005085 GUANYL-NUCLEOTIDE EXCHANGE FACTOR ACTIVITY		64	0.3700575	1.4486268	0.027108435	0.19632459	1.0	1780	tags=55%, list=34%, signal=81%	
GO:0016226 IRON-SULFUR CLUSTER ASSEMBLY	GO:0016226 IRON-SULFUR CLUSTER ASSEMBLY		16	0.51311105	1.4390312	0.067307696	0.20637599	1.0	1106	tags=38%, list=21%, signal=47%	
GO:0031625 UBIQUITIN PROTEIN LIGASE BINDING	GO:0031625 UBIQUITIN PROTEIN LIGASE BINDING		24	0.4535824	1.4361897	0.062711865	0.20787968	1.0	1906	tags=63%, list=36%, signal=97%	
GO:0016573 HISTONE ACETYLATION	GO:0016573 HISTONE ACETYLATION		34	0.4126256	1.4343578	0.052710842	0.20800151	1.0	1557	tags=44%, list=29%, signal=62%	
GO:0007520 MYOBLAST FUSION	GO:0007520 MYOBLAST FUSION		21	0.47485146	1.4343477	0.052969504	0.20559527	1.0	573	tags=29%, list=11%, signal=32%	
GO:0045746 NEGATIVE REGULATION OF NOTCH SIGNALING PATHWAY	GO:0045746 NEGATIVE REGULATION OF NOTCH SIGNALING PATHWAY		16	0.49859932	1.4307706	0.088926174	0.20846535	1.0	1310	tags=50%, list=25%, signal=66%	
GO:0000976 TRANSCRIPTION CIS-REGULATORY REGION BINDING	GO:0000976 TRANSCRIPTION CIS-REGULATORY REGION BINDING		23	0.46221676	1.4291261	0.05970149	0.20838432	1.0	1572	tags=52%, list=30%, signal=74%	
GO:0003713 TRANSCRIPTION COACTIVATOR ACTIVITY	GO:0003713 TRANSCRIPTION COACTIVATOR ACTIVITY		33	0.4268515	1.4267685	0.05956113	0.20914519	1.0	1276	tags=45%, list=24%, signal=60%	
GO:0016485 PROTEIN PROCESSING	GO:0016485 PROTEIN PROCESSING		19	0.47877157	1.4254824	0.07094595	0.20853731	1.0	466	tags=26%, list=9%, signal=29%	
GO:0005184 NEUROPEPTIDE HORMONE ACTIVITY	GO:0005184 NEUROPEPTIDE HORMONE ACTIVITY		15	0.50431406	1.4252602	0.072	0.20664169	1.0	1555	tags=40%, list=29%, signal=57%	
GO:0008354 GERM CELL MIGRATION	GO:0008354 GERM CELL MIGRATION		16	0.5046289	1.4209485	0.07590759	0.21063735	1.0	929	tags=44%, list=18%, signal=53%	
GO:0032991 PROTEIN-CONTAINING COMPLEX	GO:0032991 PROTEIN-CONTAINING COMPLEX		44	0.39293516	1.4200174	0.054012347	0.2097259	1.0	1456	tags=36%, list=28%, signal=50%	
GO:0007474 IMAGINAL DISC-DERIVED WING VEIN SPECIFICATION	GO:0007474 IMAGINAL DISC-DERIVED WING VEIN SPECIFICATION		27	0.43607876	1.4142946	0.06785137	0.21552497	1.0	1817	tags=67%, list=34%, signal=101%	
GO:0035556 INTRACELLULAR SIGNAL TRANSDUCTION	GO:0035556 INTRACELLULAR SIGNAL TRANSDUCTION		70	0.35594112	1.4140269	0.031866465	0.2135086	1.0	1223	tags=37%, list=23%, signal=48%	
GO:0030424 AXON	GO:0030424 AXON		95	0.3380454	1.4086379	0.022503516	0.21866345	1.0	1630	tags=41%, list=31%, signal=58%	
GO:0044877 PROTEIN-CONTAINING COMPLEX BINDING	GO:0044877 PROTEIN-CONTAINING COMPLEX BINDING		15	0.50262624	1.3904738	0.094936706	0.24309291	1.0	1320	tags=53%, list=25%, signal=71%	
GO:0030532 SMALL NUCLEAR RIBONUCLEOPROTEIN COMPLEX	GO:0030532 SMALL NUCLEAR RIBONUCLEOPROTEIN COMPLEX		23	0.43781394	1.3872075	0.08040201	0.24555673	1.0	955	tags=35%, list=18%, signal=42%	
GO:0000045 AUTOPHAGOSOME ASSEMBLY	GO:0000045 AUTOPHAGOSOME ASSEMBLY		16	0.48369217	1.3818706	0.08962264	0.25141627	1.0	1287	tags=56%, list=24%, signal=74%	
GO:0045475 LOCOMOTOR RHYTHM	GO:0045475 LOCOMOTOR RHYTHM		43	0.38114345	1.3808581	0.050691243	0.25064176	1.0	1137	tags=40%, list=22%, signal=50%	
GO:0008134 TRANSCRIPTION FACTOR BINDING	GO:0008134 TRANSCRIPTION FACTOR BINDING		38	0.39417917	1.3807831	0.051364366	0.248281	1.0	1417	tags=39%, list=27%, signal=54%	
GO:0003712 TRANSCRIPTION COREGULATOR ACTIVITY	GO:0003712 TRANSCRIPTION COREGULATOR ACTIVITY		37	0.3988006	1.3782654	0.07012195	0.24964163	1.0	1141	tags=38%, list=22%, signal=48%	
GO:0006914 AUTOPHAGY	GO:0006914 AUTOPHAGY		38	0.3894806	1.3770378	0.0741301	0.2492398	1.0	1184	tags=37%, list=22%, signal=47%	
GO:0000981 DNA-BINDING TRANSCRIPTION FACTOR ACTIVITY, RNA POLYMERASE II-SPECIFIC	GO:0000981 DNA-BINDING TRANSCRIPTION FACTOR ACTIVITY, RNA POLYMERASE II-SPECIFIC		68	0.35247326	1.3736748	0.03539823	0.25168347	1.0	1923	tags=54%, list=36%, signal=84%	
GO:0006606 PROTEIN IMPORT INTO NUCLEUS	GO:0006606 PROTEIN IMPORT INTO NUCLEUS		35	0.3955376	1.3736414	0.08306709	0.24932787	1.0	1214	tags=40%, list=23%, signal=52%	
GO:0031965 NUCLEAR MEMBRANE	GO:0031965 NUCLEAR MEMBRANE		20	0.4619741	1.373307	0.10339257	0.24761614	1.0	1587	tags=50%, list=30%, signal=71%	
GO:0009953 DORSAL/VENTRAL PATTERN FORMATION	GO:0009953 DORSAL/VENTRAL PATTERN FORMATION		17	0.48271325	1.3715836	0.08990537	0.24833712	1.0	411	tags=29%, list=8%, signal=32%	
GO:0019901 PROTEIN KINASE BINDING	GO:0019901 PROTEIN KINASE BINDING		44	0.36929607	1.3675339	0.05666156	0.2527899	1.0	1713	tags=41%, list=32%, signal=60%	
GO:0006406 MRNA EXPORT FROM NUCLEUS	GO:0006406 MRNA EXPORT FROM NUCLEUS		19	0.45469272	1.3639015	0.116161615	0.25599045	1.0	2126	tags=79%, list=40%, signal=132%	
GO:0042981 REGULATION OF APOPTOTIC PROCESS	GO:0042981 REGULATION OF APOPTOTIC PROCESS		15	0.49888423	1.3637081	0.10118044	0.25395954	1.0	546	tags=27%, list=10%, signal=30%	
GO:0005681 SPLICEOSOMAL COMPLEX	GO:0005681 SPLICEOSOMAL COMPLEX		40	0.38427192	1.3604447	0.078125	0.25677875	1.0	1622	tags=43%, list=31%, signal=61%	
GO:0006915 APOPTOTIC PROCESS	GO:0006915 APOPTOTIC PROCESS		18	0.4606581	1.3555675	0.11092715	0.2624015	1.0	1225	tags=44%, list=23%, signal=58%	
GO:0007268 CHEMICAL SYNAPTIC TRANSMISSION	GO:0007268 CHEMICAL SYNAPTIC TRANSMISSION		69	0.34582815	1.3541304	0.05059524	0.26210067	1.0	1400	tags=35%, list=27%, signal=47%	
GO:0000149 SNARE BINDING	GO:0000149 SNARE BINDING		37	0.38449448	1.3520495	0.065449014	0.26301697	1.0	985	tags=24%, list=19%, signal=30%	
GO:0040011 LOCOMOTION	GO:0040011 LOCOMOTION		23	0.43604228	1.3496165	0.085	0.26463494	1.0	822	tags=39%, list=16%, signal=46%	
GO:0008543 FIBROBLAST GROWTH FACTOR RECEPTOR SIGNALING PATHWAY	GO:0008543 FIBROBLAST GROWTH FACTOR RECEPTOR SIGNALING PATHWAY		15	0.48121685	1.3479615	0.10897436	0.26477134	1.0	1780	tags=67%, list=34%, signal=100%	
GO:0007346 REGULATION OF MITOTIC CELL CYCLE	GO:0007346 REGULATION OF MITOTIC CELL CYCLE		15	0.48232856	1.347922	0.13148789	0.26257405	1.0	1109	tags=47%, list=21%, signal=59%	
GO:0045887 POSITIVE REGULATION OF SYNAPTIC ASSEMBLY AT NEUROMUSCULAR JUNCTION	GO:0045887 POSITIVE REGULATION OF SYNAPTIC ASSEMBLY AT NEUROMUSCULAR JUNCTION		31	0.4006998	1.3478221	0.09538951	0.2605055	1.0	1322	tags=39%, list=25%, signal=51%	
GO:0048477 OOGENESIS	GO:0048477 OOGENESIS		105	0.31800342	1.3473841	0.032258064	0.25903225	1.0	1855	tags=44%, list=35%, signal=66%	
GO:0016081 SYNAPTIC VESICLE DOCKING	GO:0016081 SYNAPTIC VESICLE DOCKING		20	0.44779	1.34404	0.10909091	0.26205444	1.0	553	tags=20%, list=10%, signal=22%	
GO:0046777 PROTEIN AUTOPHOSPHORYLATION	GO:0046777 PROTEIN AUTOPHOSPHORYLATION		24	0.42887813	1.3408291	0.10567823	0.26509145	1.0	1037	tags=38%, list=20%, signal=46%	
GO:0005686 U2 SNRNP	GO:0005686 U2 SNRNP		18	0.4478677	1.3394965	0.10897436	0.26509058	1.0	1516	tags=50%, list=29%, signal=70%	
GO:0030425 DENDRITE	GO:0030425 DENDRITE		43	0.3723453	1.3370817	0.08709176	0.26714987	1.0	1222	tags=40%, list=23%, signal=51%	
GO:0008270 ZINC ION BINDING	GO:0008270 ZINC ION BINDING		171	0.29571685	1.3352844	0.028150134	0.26776177	1.0	1660	tags=43%, list=31%, signal=61%	
GO:0046843 DORSAL APPENDAGE FORMATION	GO:0046843 DORSAL APPENDAGE FORMATION		28	0.41656727	1.3344976	0.125	0.26684314	1.0	1265	tags=43%, list=24%, signal=56%	
GO:0043025 NEURONAL CELL BODY	GO:0043025 NEURONAL CELL BODY		74	0.33488917	1.3329017	0.055555556	0.2670919	1.0	931	tags=28%, list=18%, signal=34%	
GO:0007281 GERM CELL DEVELOPMENT	GO:0007281 GERM CELL DEVELOPMENT		28	0.4072782	1.3328398	0.11204013	0.26506567	1.0	1857	tags=68%, list=35%, signal=104%	
GO:0045944 POSITIVE REGULATION OF TRANSCRIPTION BY RNA POLYMERASE II	GO:0045944 POSITIVE REGULATION OF TRANSCRIPTION BY RNA POLYMERASE II		93	0.3205013	1.3324709	0.05322129	0.26351866	1.0	1547	tags=42%, list=29%, signal=58%	
GO:0007157 HETEROPHILIC CELL-CELL ADHESION VIA PLASMA MEMBRANE CELL ADHESION MOLECULES	GO:0007157 HETEROPHILIC CELL-CELL ADHESION VIA PLASMA MEMBRANE CELL ADHESION MOLECULES		18	0.45802397	1.3312205	0.12794612	0.2633018	1.0	1559	tags=56%, list=30%, signal=79%	
GO:0000132 ESTABLISHMENT OF MITOTIC SPINDLE ORIENTATION	GO:0000132 ESTABLISHMENT OF MITOTIC SPINDLE ORIENTATION		18	0.45259246	1.3293723	0.14070351	0.26398417	1.0	1157	tags=44%, list=22%, signal=57%	
GO:0042127 REGULATION OF CELL POPULATION PROLIFERATION	GO:0042127 REGULATION OF CELL POPULATION PROLIFERATION		16	0.4652606	1.327213	0.12071778	0.26522386	1.0	2133	tags=75%, list=40%, signal=125%	
GO:0006979 RESPONSE TO OXIDATIVE STRESS	GO:0006979 RESPONSE TO OXIDATIVE STRESS		63	0.34324437	1.3239269	0.08018155	0.26812285	1.0	1147	tags=35%, list=22%, signal=44%	
GO:0007616 LONG-TERM MEMORY	GO:0007616 LONG-TERM MEMORY		49	0.35340026	1.3143687	0.093023255	0.28158098	1.0	1992	tags=55%, list=38%, signal=88%	
GO:0043065 POSITIVE REGULATION OF APOPTOTIC PROCESS	GO:0043065 POSITIVE REGULATION OF APOPTOTIC PROCESS		15	0.46765575	1.310113	0.14482759	0.2861464	1.0	1251	tags=47%, list=24%, signal=61%	
GO:0008586 IMAGINAL DISC-DERIVED WING VEIN MORPHOGENESIS	GO:0008586 IMAGINAL DISC-DERIVED WING VEIN MORPHOGENESIS		20	0.42608404	1.3090571	0.13731825	0.2857081	1.0	1282	tags=45%, list=24%, signal=59%	
GO:0000287 MAGNESIUM ION BINDING	GO:0000287 MAGNESIUM ION BINDING		27	0.40307993	1.305526	0.1098546	0.2892439	1.0	575	tags=37%, list=11%, signal=41%	
GO:0046982 PROTEIN HETERODIMERIZATION ACTIVITY	GO:0046982 PROTEIN HETERODIMERIZATION ACTIVITY		52	0.34875175	1.3040185	0.086363636	0.28969932	1.0	1348	tags=40%, list=26%, signal=54%	
GO:0007294 GERMARIUM-DERIVED OOCYTE FATE DETERMINATION	GO:0007294 GERMARIUM-DERIVED OOCYTE FATE DETERMINATION		17	0.4409682	1.3028847	0.13815789	0.2896528	1.0	1857	tags=47%, list=35%, signal=72%	
GO:0004672 PROTEIN KINASE ACTIVITY	GO:0004672 PROTEIN KINASE ACTIVITY		37	0.37063366	1.3001635	0.11912226	0.29211068	1.0	1255	tags=41%, list=24%, signal=53%	
GO:0007218 NEUROPEPTIDE SIGNALING PATHWAY	GO:0007218 NEUROPEPTIDE SIGNALING PATHWAY		25	0.41220084	1.2993871	0.121212125	0.29141212	1.0	1708	tags=40%, list=32%, signal=59%	
GO:0035011 MELANOTIC ENCAPSULATION OF FOREIGN TARGET	GO:0035011 MELANOTIC ENCAPSULATION OF FOREIGN TARGET		22	0.40894544	1.2862933	0.14402619	0.3115768	1.0	1202	tags=36%, list=23%, signal=47%	
GO:0031490 CHROMATIN DNA BINDING	GO:0031490 CHROMATIN DNA BINDING		16	0.45348555	1.2841698	0.16185898	0.31289625	1.0	994	tags=44%, list=19%, signal=54%	
GO:0005765 LYSOSOMAL MEMBRANE	GO:0005765 LYSOSOMAL MEMBRANE		15	0.45411462	1.2808793	0.14006515	0.31663674	1.0	866	tags=33%, list=16%, signal=40%	
GO:0070588 CALCIUM ION TRANSMEMBRANE TRANSPORT	GO:0070588 CALCIUM ION TRANSMEMBRANE TRANSPORT		17	0.45001927	1.2762821	0.17021276	0.32238665	1.0	884	tags=35%, list=17%, signal=42%	
GO:0008344 ADULT LOCOMOTORY BEHAVIOR	GO:0008344 ADULT LOCOMOTORY BEHAVIOR		37	0.36249632	1.2748785	0.12401884	0.3226508	1.0	1078	tags=38%, list=20%, signal=47%	
GO:0006974 CELLULAR RESPONSE TO DNA DAMAGE STIMULUS	GO:0006974 CELLULAR RESPONSE TO DNA DAMAGE STIMULUS		16	0.44916746	1.2742236	0.17717206	0.32170993	1.0	1302	tags=38%, list=25%, signal=50%	
GO:0007018 MICROTUBULE-BASED MOVEMENT	GO:0007018 MICROTUBULE-BASED MOVEMENT		18	0.42746082	1.2736552	0.14974183	0.32050335	1.0	1634	tags=50%, list=31%, signal=72%	
GO:0018105 PEPTIDYL-SERINE PHOSPHORYLATION	GO:0018105 PEPTIDYL-SERINE PHOSPHORYLATION		33	0.37230423	1.2708789	0.14308175	0.32312676	1.0	1371	tags=45%, list=26%, signal=61%	
GO:0003674 MOLECULAR_FUNCTION	GO:0003674 MOLECULAR_FUNCTION		368	0.25948748	1.2669982	0.029620852	0.32788363	1.0	1450	tags=31%, list=27%, signal=40%	
GO:0000381 REGULATION OF ALTERNATIVE MRNA SPLICING, VIA SPLICEOSOME	GO:0000381 REGULATION OF ALTERNATIVE MRNA SPLICING, VIA SPLICEOSOME		71	0.3184743	1.2639536	0.11816839	0.33112824	1.0	1676	tags=41%, list=32%, signal=59%	
GO:0005887 INTEGRAL COMPONENT OF PLASMA MEMBRANE	GO:0005887 INTEGRAL COMPONENT OF PLASMA MEMBRANE		196	0.2747083	1.2622885	0.069767445	0.3321188	1.0	1076	tags=28%, list=20%, signal=34%	
GO:0000226 MICROTUBULE CYTOSKELETON ORGANIZATION	GO:0000226 MICROTUBULE CYTOSKELETON ORGANIZATION		33	0.36698937	1.2593131	0.14018692	0.3352186	1.0	1058	tags=33%, list=20%, signal=41%	
GO:0006325 CHROMATIN ORGANIZATION	GO:0006325 CHROMATIN ORGANIZATION		32	0.37457305	1.2548752	0.15474209	0.34115946	1.0	1270	tags=34%, list=24%, signal=45%	
GO:0005667 TRANSCRIPTION REGULATOR COMPLEX	GO:0005667 TRANSCRIPTION REGULATOR COMPLEX		27	0.38324317	1.2536176	0.13157895	0.34106305	1.0	2092	tags=59%, list=40%, signal=98%	
GO:0003676 NUCLEIC ACID BINDING	GO:0003676 NUCLEIC ACID BINDING		68	0.31191683	1.2460216	0.12827988	0.3523246	1.0	1608	tags=41%, list=30%, signal=58%	
GO:0070006 METALLOAMINOPEPTIDASE ACTIVITY	GO:0070006 METALLOAMINOPEPTIDASE ACTIVITY		17	0.43428227	1.2459505	0.17569786	0.35011408	1.0	1716	tags=59%, list=32%, signal=87%	
GO:0051124 SYNAPTIC ASSEMBLY AT NEUROMUSCULAR JUNCTION	GO:0051124 SYNAPTIC ASSEMBLY AT NEUROMUSCULAR JUNCTION		26	0.38658687	1.2435704	0.15923567	0.35219133	1.0	1601	tags=50%, list=30%, signal=71%	
GO:0004222 METALLOENDOPEPTIDASE ACTIVITY	GO:0004222 METALLOENDOPEPTIDASE ACTIVITY		21	0.40215826	1.2403543	0.1704918	0.35587165	1.0	508	tags=24%, list=10%, signal=26%	
GO:0046540 U4/U6 X U5 TRI-SNRNP COMPLEX	GO:0046540 U4/U6 X U5 TRI-SNRNP COMPLEX		16	0.43303934	1.2372081	0.20450607	0.35985032	1.0	1580	tags=56%, list=30%, signal=80%	
GO:0032436 POSITIVE REGULATION OF PROTEASOMAL UBIQUITIN-DEPENDENT PROTEIN CATABOLIC PROCESS	GO:0032436 POSITIVE REGULATION OF PROTEASOMAL UBIQUITIN-DEPENDENT PROTEIN CATABOLIC PROCESS		28	0.3742828	1.2363427	0.17806041	0.35916793	1.0	1924	tags=57%, list=36%, signal=89%	
GO:0016322 NEURON REMODELING	GO:0016322 NEURON REMODELING		35	0.35429487	1.227488	0.16968699	0.37371823	1.0	923	tags=26%, list=17%, signal=31%	
GO:0007419 VENTRAL CORD DEVELOPMENT	GO:0007419 VENTRAL CORD DEVELOPMENT		28	0.3712884	1.2270917	0.17711599	0.37218186	1.0	657	tags=29%, list=12%, signal=32%	
GO:0007265 RAS PROTEIN SIGNAL TRANSDUCTION	GO:0007265 RAS PROTEIN SIGNAL TRANSDUCTION		16	0.44099346	1.2238019	0.19607843	0.37640762	1.0	731	tags=38%, list=14%, signal=43%	
GO:0006366 TRANSCRIPTION BY RNA POLYMERASE II	GO:0006366 TRANSCRIPTION BY RNA POLYMERASE II		24	0.38809165	1.2181555	0.20944881	0.38524172	1.0	1766	tags=46%, list=33%, signal=69%	
GO:0007409 AXONOGENESIS	GO:0007409 AXONOGENESIS		41	0.33594182	1.21631	0.17364341	0.38645104	1.0	1567	tags=44%, list=30%, signal=62%	
GO:0008017 MICROTUBULE BINDING	GO:0008017 MICROTUBULE BINDING		51	0.32145396	1.2091504	0.16848674	0.39811304	1.0	1265	tags=37%, list=24%, signal=49%	
GO:0008360 REGULATION OF CELL SHAPE	GO:0008360 REGULATION OF CELL SHAPE		27	0.37806234	1.208048	0.19300912	0.39800617	1.0	503	tags=22%, list=10%, signal=24%	
GO:0004888 TRANSMEMBRANE SIGNALING RECEPTOR ACTIVITY	GO:0004888 TRANSMEMBRANE SIGNALING RECEPTOR ACTIVITY		15	0.4369685	1.2070445	0.22813036	0.39756483	1.0	1206	tags=40%, list=23%, signal=52%	
GO:0016887 ATP HYDROLYSIS ACTIVITY	GO:0016887 ATP HYDROLYSIS ACTIVITY		106	0.2834935	1.1987157	0.15285714	0.41122317	1.0	1259	tags=29%, list=24%, signal=38%	
GO:0005743 MITOCHONDRIAL INNER MEMBRANE	GO:0005743 MITOCHONDRIAL INNER MEMBRANE		43	0.33421186	1.1972562	0.19212599	0.4116715	1.0	1120	tags=33%, list=21%, signal=41%	
GO:0031410 CYTOPLASMIC VESICLE	GO:0031410 CYTOPLASMIC VESICLE		33	0.34326023	1.1959159	0.21428572	0.41190746	1.0	1118	tags=36%, list=21%, signal=46%	
GO:0031507 HETEROCHROMATIN ASSEMBLY	GO:0031507 HETEROCHROMATIN ASSEMBLY		28	0.36235029	1.1948857	0.21384615	0.41173705	1.0	714	tags=21%, list=14%, signal=25%	
GO:0000932 P-BODY	GO:0000932 P-BODY		30	0.35657093	1.1946096	0.2124183	0.40986866	1.0	1679	tags=43%, list=32%, signal=63%	
GO:0015031 PROTEIN TRANSPORT	GO:0015031 PROTEIN TRANSPORT		21	0.38938826	1.1936883	0.23322684	0.40953404	1.0	940	tags=29%, list=18%, signal=35%	
GO:0008045 MOTOR NEURON AXON GUIDANCE	GO:0008045 MOTOR NEURON AXON GUIDANCE		44	0.32372892	1.192913	0.19808307	0.40866303	1.0	1677	tags=43%, list=32%, signal=63%	
GO:0003714 TRANSCRIPTION COREPRESSOR ACTIVITY	GO:0003714 TRANSCRIPTION COREPRESSOR ACTIVITY		29	0.3582311	1.1872838	0.21682848	0.4175239	1.0	1231	tags=38%, list=23%, signal=49%	
GO:0007298 BORDER FOLLICLE CELL MIGRATION	GO:0007298 BORDER FOLLICLE CELL MIGRATION		60	0.30958393	1.1863228	0.17846154	0.417002	1.0	1298	tags=37%, list=25%, signal=48%	
GO:0006099 TRICARBOXYLIC ACID CYCLE	GO:0006099 TRICARBOXYLIC ACID CYCLE		20	0.39109713	1.1835364	0.21621622	0.42016637	1.0	831	tags=30%, list=16%, signal=35%	
GO:0000978 RNA POLYMERASE II CIS-REGULATORY REGION SEQUENCE-SPECIFIC DNA BINDING	GO:0000978 RNA POLYMERASE II CIS-REGULATORY REGION SEQUENCE-SPECIFIC DNA BINDING		61	0.3067756	1.1813315	0.19710144	0.42234683	1.0	1923	tags=51%, list=36%, signal=79%	
GO:0030234 ENZYME REGULATOR ACTIVITY	GO:0030234 ENZYME REGULATOR ACTIVITY		19	0.3945354	1.1754887	0.23742138	0.43190512	1.0	1551	tags=37%, list=29%, signal=52%	
GO:0042802 IDENTICAL PROTEIN BINDING	GO:0042802 IDENTICAL PROTEIN BINDING		20	0.38498908	1.1748748	0.23986487	0.43068182	1.0	1769	tags=55%, list=33%, signal=82%	
GO:0048167 REGULATION OF SYNAPTIC PLASTICITY	GO:0048167 REGULATION OF SYNAPTIC PLASTICITY		16	0.41914505	1.172264	0.27213115	0.4335963	1.0	1166	tags=38%, list=22%, signal=48%	
GO:0007476 IMAGINAL DISC-DERIVED WING MORPHOGENESIS	GO:0007476 IMAGINAL DISC-DERIVED WING MORPHOGENESIS		61	0.30020842	1.168029	0.20091324	0.4398199	1.0	1299	tags=31%, list=25%, signal=41%	
GO:0007480 IMAGINAL DISC-DERIVED LEG MORPHOGENESIS	GO:0007480 IMAGINAL DISC-DERIVED LEG MORPHOGENESIS		21	0.38791502	1.1659433	0.26003212	0.44182348	1.0	1780	tags=52%, list=34%, signal=79%	
GO:0060271 CILIUM ASSEMBLY	GO:0060271 CILIUM ASSEMBLY		15	0.42141464	1.1581914	0.27625203	0.45539775	1.0	1468	tags=40%, list=28%, signal=55%	
GO:0005768 ENDOSOME	GO:0005768 ENDOSOME		56	0.2967765	1.1425059	0.23923445	0.48679718	1.0	1133	tags=30%, list=21%, signal=38%	
GO:0030833 REGULATION OF ACTIN FILAMENT POLYMERIZATION	GO:0030833 REGULATION OF ACTIN FILAMENT POLYMERIZATION		21	0.37302846	1.141717	0.26262626	0.48595667	1.0	1086	tags=38%, list=21%, signal=48%	
GO:0003724 RNA HELICASE ACTIVITY	GO:0003724 RNA HELICASE ACTIVITY		28	0.3515887	1.1400511	0.2784	0.48708284	1.0	1965	tags=54%, list=37%, signal=85%	
GO:0016197 ENDOSOMAL TRANSPORT	GO:0016197 ENDOSOMAL TRANSPORT		26	0.35297537	1.139402	0.28139904	0.4858724	1.0	1310	tags=38%, list=25%, signal=51%	
GO:0051491 POSITIVE REGULATION OF FILOPODIUM ASSEMBLY	GO:0051491 POSITIVE REGULATION OF FILOPODIUM ASSEMBLY		22	0.3645916	1.138592	0.2966507	0.48495466	1.0	1255	tags=45%, list=24%, signal=59%	
GO:0008355 OLFACTORY LEARNING	GO:0008355 OLFACTORY LEARNING		24	0.3681835	1.1380062	0.2731872	0.48372287	1.0	2072	tags=67%, list=39%, signal=109%	
GO:0031305 INTEGRAL COMPONENT OF MITOCHONDRIAL INNER MEMBRANE	GO:0031305 INTEGRAL COMPONENT OF MITOCHONDRIAL INNER MEMBRANE		17	0.39781365	1.1376786	0.3061564	0.48193336	1.0	1674	tags=53%, list=32%, signal=77%	
GO:0008284 POSITIVE REGULATION OF CELL POPULATION PROLIFERATION	GO:0008284 POSITIVE REGULATION OF CELL POPULATION PROLIFERATION		24	0.35699806	1.1360921	0.27884614	0.48301998	1.0	636	tags=29%, list=12%, signal=33%	
GO:0045793 POSITIVE REGULATION OF CELL SIZE	GO:0045793 POSITIVE REGULATION OF CELL SIZE		33	0.33384418	1.1337465	0.2933754	0.48537174	1.0	1194	tags=30%, list=23%, signal=39%	
GO:0007444 IMAGINAL DISC DEVELOPMENT	GO:0007444 IMAGINAL DISC DEVELOPMENT		16	0.38711864	1.13189	0.28741497	0.4869309	1.0	1745	tags=56%, list=33%, signal=84%	
GO:0005575 CELLULAR_COMPONENT	GO:0005575 CELLULAR_COMPONENT		200	0.2441628	1.1306276	0.19053708	0.4871105	1.0	1137	tags=25%, list=22%, signal=31%	
GO:0004725 PROTEIN TYROSINE PHOSPHATASE ACTIVITY	GO:0004725 PROTEIN TYROSINE PHOSPHATASE ACTIVITY		21	0.37013492	1.1290134	0.28109854	0.48801583	1.0	1601	tags=33%, list=30%, signal=48%	
GO:0008150 BIOLOGICAL_PROCESS	GO:0008150 BIOLOGICAL_PROCESS		184	0.24508771	1.1284729	0.20445609	0.4865608	1.0	1085	tags=24%, list=21%, signal=30%	
GO:0016592 MEDIATOR COMPLEX	GO:0016592 MEDIATOR COMPLEX		21	0.36981773	1.1277715	0.28547296	0.48562953	1.0	1276	tags=38%, list=24%, signal=50%	
GO:0006813 POTASSIUM ION TRANSPORT	GO:0006813 POTASSIUM ION TRANSPORT		17	0.38806397	1.1199614	0.31023103	0.4995595	1.0	1458	tags=47%, list=28%, signal=65%	
GO:0031267 SMALL GTPASE BINDING	GO:0031267 SMALL GTPASE BINDING		76	0.27380902	1.1194316	0.2580645	0.49831057	1.0	1119	tags=25%, list=21%, signal=31%	
GO:0005525 GTP BINDING	GO:0005525 GTP BINDING		116	0.25731874	1.1191545	0.21947874	0.4963926	1.0	1508	tags=36%, list=29%, signal=50%	
GO:0007015 ACTIN FILAMENT ORGANIZATION	GO:0007015 ACTIN FILAMENT ORGANIZATION		44	0.30299914	1.114027	0.29968455	0.50482064	1.0	538	tags=20%, list=10%, signal=23%	
GO:0030496 MIDBODY	GO:0030496 MIDBODY		15	0.3920603	1.108156	0.3349917	0.5143891	1.0	890	tags=33%, list=17%, signal=40%	
GO:0007614 SHORT-TERM MEMORY	GO:0007614 SHORT-TERM MEMORY		22	0.3534354	1.1066241	0.3115578	0.5152979	1.0	2191	tags=55%, list=41%, signal=93%	
GO:0050770 REGULATION OF AXONOGENESIS	GO:0050770 REGULATION OF AXONOGENESIS		18	0.3770265	1.10416	0.33	0.5180531	1.0	1756	tags=50%, list=33%, signal=75%	
GO:0031146 SCF-DEPENDENT PROTEASOMAL UBIQUITIN-DEPENDENT PROTEIN CATABOLIC PROCESS	GO:0031146 SCF-DEPENDENT PROTEASOMAL UBIQUITIN-DEPENDENT PROTEIN CATABOLIC PROCESS		15	0.39820373	1.102885	0.31907308	0.518263	1.0	1906	tags=73%, list=36%, signal=114%	
GO:0042059 NEGATIVE REGULATION OF EPIDERMAL GROWTH FACTOR RECEPTOR SIGNALING PATHWAY	GO:0042059 NEGATIVE REGULATION OF EPIDERMAL GROWTH FACTOR RECEPTOR SIGNALING PATHWAY		16	0.3880702	1.095933	0.35031846	0.5305255	1.0	1166	tags=44%, list=22%, signal=56%	
GO:0008039 SYNAPTIC TARGET RECOGNITION	GO:0008039 SYNAPTIC TARGET RECOGNITION		20	0.36368322	1.0937734	0.3378608	0.53296894	1.0	1290	tags=35%, list=24%, signal=46%	
GO:0000792 HETEROCHROMATIN	GO:0000792 HETEROCHROMATIN		18	0.37458897	1.088743	0.32419354	0.54126	1.0	1908	tags=56%, list=36%, signal=87%	
GO:0001745 COMPOUND EYE MORPHOGENESIS	GO:0001745 COMPOUND EYE MORPHOGENESIS		51	0.2878952	1.0841833	0.31743667	0.54922324	1.0	800	tags=24%, list=15%, signal=27%	
GO:0007422 PERIPHERAL NERVOUS SYSTEM DEVELOPMENT	GO:0007422 PERIPHERAL NERVOUS SYSTEM DEVELOPMENT		17	0.3738706	1.0777158	0.35986733	0.5606032	1.0	1977	tags=59%, list=37%, signal=94%	
GO:0000278 MITOTIC CELL CYCLE	GO:0000278 MITOTIC CELL CYCLE		79	0.26430997	1.0712408	0.3230994	0.572133	1.0	1421	tags=34%, list=27%, signal=46%	
GO:0005484 SNAP RECEPTOR ACTIVITY	GO:0005484 SNAP RECEPTOR ACTIVITY		24	0.3368939	1.0688379	0.36990595	0.57493615	1.0	963	tags=21%, list=18%, signal=25%	
GO:0035332 POSITIVE REGULATION OF HIPPO SIGNALING	GO:0035332 POSITIVE REGULATION OF HIPPO SIGNALING		18	0.356419	1.0661455	0.3735726	0.57818156	1.0	1286	tags=33%, list=24%, signal=44%	
GO:0050829 DEFENSE RESPONSE TO GRAM-NEGATIVE BACTERIUM	GO:0050829 DEFENSE RESPONSE TO GRAM-NEGATIVE BACTERIUM		47	0.28986305	1.0655599	0.34303215	0.5767509	1.0	923	tags=30%, list=17%, signal=36%	
GO:0010508 POSITIVE REGULATION OF AUTOPHAGY	GO:0010508 POSITIVE REGULATION OF AUTOPHAGY		20	0.3502949	1.0643805	0.36286202	0.5767083	1.0	2107	tags=45%, list=40%, signal=75%	
GO:0043161 PROTEASOME-MEDIATED UBIQUITIN-DEPENDENT PROTEIN CATABOLIC PROCESS	GO:0043161 PROTEASOME-MEDIATED UBIQUITIN-DEPENDENT PROTEIN CATABOLIC PROCESS		61	0.27529982	1.0634428	0.33333334	0.5759923	1.0	1302	tags=30%, list=25%, signal=39%	
GO:0016311 DEPHOSPHORYLATION	GO:0016311 DEPHOSPHORYLATION		18	0.3651104	1.0594149	0.38628763	0.5822634	1.0	1237	tags=44%, list=23%, signal=58%	
GO:0043186 P GRANULE	GO:0043186 P GRANULE		19	0.35307235	1.0592887	0.34680134	0.57988054	1.0	326	tags=16%, list=6%, signal=17%	
GO:0008347 GLIAL CELL MIGRATION	GO:0008347 GLIAL CELL MIGRATION		16	0.3704516	1.0576996	0.3784722	0.58071125	1.0	441	tags=19%, list=8%, signal=20%	
GO:0016020 MEMBRANE	GO:0016020 MEMBRANE		198	0.22859845	1.0569563	0.3325062	0.57990074	1.0	977	tags=22%, list=18%, signal=26%	
GO:0032981 MITOCHONDRIAL RESPIRATORY CHAIN COMPLEX I ASSEMBLY	GO:0032981 MITOCHONDRIAL RESPIRATORY CHAIN COMPLEX I ASSEMBLY		31	0.31671593	1.052117	0.3906977	0.5882182	1.0	578	tags=19%, list=11%, signal=22%	
GO:0048149 BEHAVIORAL RESPONSE TO ETHANOL	GO:0048149 BEHAVIORAL RESPONSE TO ETHANOL		37	0.30131507	1.0454462	0.39655173	0.6009238	1.0	1400	tags=35%, list=27%, signal=47%	
GO:0048488 SYNAPTIC VESICLE ENDOCYTOSIS	GO:0048488 SYNAPTIC VESICLE ENDOCYTOSIS		31	0.3112835	1.0442235	0.3954984	0.6009985	1.0	822	tags=29%, list=16%, signal=34%	
GO:0030866 CORTICAL ACTIN CYTOSKELETON ORGANIZATION	GO:0030866 CORTICAL ACTIN CYTOSKELETON ORGANIZATION		27	0.31830296	1.0440027	0.3792	0.5988205	1.0	800	tags=22%, list=15%, signal=26%	
GO:1990904 RIBONUCLEOPROTEIN COMPLEX	GO:1990904 RIBONUCLEOPROTEIN COMPLEX		39	0.2908124	1.0342709	0.41411042	0.61906713	1.0	1186	tags=31%, list=22%, signal=39%	
GO:0043195 TERMINAL BOUTON	GO:0043195 TERMINAL BOUTON		37	0.29680717	1.0295304	0.41487604	0.627137	1.0	982	tags=27%, list=19%, signal=33%	
GO:0050821 PROTEIN STABILIZATION	GO:0050821 PROTEIN STABILIZATION		31	0.30384886	1.0279596	0.4348485	0.62801605	1.0	1355	tags=35%, list=26%, signal=47%	
GO:0008380 RNA SPLICING	GO:0008380 RNA SPLICING		18	0.3395801	1.0278314	0.42598686	0.6255883	1.0	1159	tags=33%, list=22%, signal=43%	
GO:0003924 GTPASE ACTIVITY	GO:0003924 GTPASE ACTIVITY		110	0.24080414	1.02429	0.4050633	0.63136595	1.0	1265	tags=29%, list=24%, signal=37%	
GO:0030431 SLEEP	GO:0030431 SLEEP		35	0.2978522	1.0223677	0.41784036	0.6328942	1.0	1398	tags=37%, list=26%, signal=50%	
GO:0032956 REGULATION OF ACTIN CYTOSKELETON ORGANIZATION	GO:0032956 REGULATION OF ACTIN CYTOSKELETON ORGANIZATION		16	0.3571746	1.0216253	0.41435564	0.6317695	1.0	1702	tags=50%, list=32%, signal=74%	
GO:0007411 AXON GUIDANCE	GO:0007411 AXON GUIDANCE		102	0.24034615	1.0176817	0.43550625	0.63817483	1.0	1601	tags=33%, list=30%, signal=47%	
GO:0006886 INTRACELLULAR PROTEIN TRANSPORT	GO:0006886 INTRACELLULAR PROTEIN TRANSPORT		94	0.24407825	1.0159488	0.43023255	0.6396458	1.0	1109	tags=24%, list=21%, signal=30%	
GO:0005654 NUCLEOPLASM	GO:0005654 NUCLEOPLASM		132	0.23097402	1.0090107	0.43741402	0.6528701	1.0	1675	tags=38%, list=32%, signal=54%	
GO:0006897 ENDOCYTOSIS	GO:0006897 ENDOCYTOSIS		54	0.26717386	1.0089346	0.4571006	0.650268	1.0	1319	tags=35%, list=25%, signal=46%	
GO:0046854 PHOSPHATIDYLINOSITOL PHOSPHATE BIOSYNTHETIC PROCESS	GO:0046854 PHOSPHATIDYLINOSITOL PHOSPHATE BIOSYNTHETIC PROCESS		20	0.33048147	1.008626	0.43305784	0.64816606	1.0	1467	tags=40%, list=28%, signal=55%	
GO:0003729 MRNA BINDING	GO:0003729 MRNA BINDING		149	0.22716844	1.0075084	0.44429162	0.64798963	1.0	1869	tags=42%, list=35%, signal=63%	
GO:0009306 PROTEIN SECRETION	GO:0009306 PROTEIN SECRETION		33	0.2971705	1.0046186	0.4417863	0.6518143	1.0	1244	tags=30%, list=24%, signal=39%	
GO:0035149 LUMEN FORMATION, OPEN TRACHEAL SYSTEM	GO:0035149 LUMEN FORMATION, OPEN TRACHEAL SYSTEM		24	0.32028115	1.0044676	0.4768977	0.64946777	1.0	789	tags=25%, list=15%, signal=29%	
GO:0006511 UBIQUITIN-DEPENDENT PROTEIN CATABOLIC PROCESS	GO:0006511 UBIQUITIN-DEPENDENT PROTEIN CATABOLIC PROCESS		63	0.2591223	1.003805	0.44072947	0.6482056	1.0	1872	tags=41%, list=35%, signal=63%	
GO:0043231 INTRACELLULAR MEMBRANE-BOUNDED ORGANELLE	GO:0043231 INTRACELLULAR MEMBRANE-BOUNDED ORGANELLE		53	0.26377636	1.0025089	0.44885495	0.6483985	1.0	1388	tags=32%, list=26%, signal=43%	
GO:0004843 CYSTEINE-TYPE DEUBIQUITINASE ACTIVITY	GO:0004843 CYSTEINE-TYPE DEUBIQUITINASE ACTIVITY		25	0.3123998	1.0012639	0.45007682	0.648499	1.0	942	tags=24%, list=18%, signal=29%	
GO:0036335 INTESTINAL STEM CELL HOMEOSTASIS	GO:0036335 INTESTINAL STEM CELL HOMEOSTASIS		17	0.34298187	0.9951709	0.4573269	0.660295	1.0	1313	tags=41%, list=25%, signal=55%	
GO:0035096 LARVAL MIDGUT CELL PROGRAMMED CELL DEATH	GO:0035096 LARVAL MIDGUT CELL PROGRAMMED CELL DEATH		16	0.35006973	0.9926972	0.47603834	0.66322404	1.0	1413	tags=38%, list=27%, signal=51%	
GO:0000977 RNA POLYMERASE II TRANSCRIPTION REGULATORY REGION SEQUENCE-SPECIFIC DNA BINDING	GO:0000977 RNA POLYMERASE II TRANSCRIPTION REGULATORY REGION SEQUENCE-SPECIFIC DNA BINDING		28	0.30030438	0.9926928	0.47020933	0.6605477	1.0	1113	tags=29%, list=21%, signal=36%	
GO:0017148 NEGATIVE REGULATION OF TRANSLATION	GO:0017148 NEGATIVE REGULATION OF TRANSLATION		23	0.3196631	0.9879218	0.4600639	0.66859806	1.0	2004	tags=39%, list=38%, signal=63%	
GO:0046330 POSITIVE REGULATION OF JNK CASCADE	GO:0046330 POSITIVE REGULATION OF JNK CASCADE		19	0.33657444	0.9856804	0.48122868	0.67106247	1.0	1444	tags=32%, list=27%, signal=43%	
GO:0042734 PRESYNAPTIC MEMBRANE	GO:0042734 PRESYNAPTIC MEMBRANE		19	0.33037925	0.98366064	0.4716981	0.67272216	1.0	690	tags=21%, list=13%, signal=24%	
GO:0046718 VIRAL ENTRY INTO HOST CELL	GO:0046718 VIRAL ENTRY INTO HOST CELL		22	0.31578732	0.98326564	0.485	0.67086565	1.0	229	tags=18%, list=4%, signal=19%	
GO:0005802 TRANS-GOLGI NETWORK	GO:0005802 TRANS-GOLGI NETWORK		29	0.29996288	0.9790309	0.4820847	0.6778	1.0	1482	tags=41%, list=28%, signal=57%	
GO:0006891 INTRA-GOLGI VESICLE-MEDIATED TRANSPORT	GO:0006891 INTRA-GOLGI VESICLE-MEDIATED TRANSPORT		23	0.31270608	0.9768079	0.5072	0.6801561	1.0	1019	tags=26%, list=19%, signal=32%	
GO:0046872 METAL ION BINDING	GO:0046872 METAL ION BINDING		59	0.2524298	0.9678545	0.51703703	0.6977404	1.0	1095	tags=25%, list=21%, signal=32%	
GO:0048193 GOLGI VESICLE TRANSPORT	GO:0048193 GOLGI VESICLE TRANSPORT		30	0.29099795	0.963455	0.5072698	0.7050245	1.0	1097	tags=23%, list=21%, signal=29%	
GO:0007613 MEMORY	GO:0007613 MEMORY		17	0.33210573	0.9631092	0.5183333	0.7030487	1.0	1452	tags=47%, list=27%, signal=65%	
GO:0007399 NERVOUS SYSTEM DEVELOPMENT	GO:0007399 NERVOUS SYSTEM DEVELOPMENT		44	0.2642962	0.9623648	0.5188537	0.70196587	1.0	1299	tags=32%, list=25%, signal=42%	
GO:0042742 DEFENSE RESPONSE TO BACTERIUM	GO:0042742 DEFENSE RESPONSE TO BACTERIUM		19	0.3247324	0.9620269	0.50247115	0.69999766	1.0	1166	tags=32%, list=22%, signal=40%	
GO:0000502 PROTEASOME COMPLEX	GO:0000502 PROTEASOME COMPLEX		27	0.2927688	0.95854324	0.51986754	0.70469886	1.0	1100	tags=26%, list=21%, signal=33%	
GO:0045747 POSITIVE REGULATION OF NOTCH SIGNALING PATHWAY	GO:0045747 POSITIVE REGULATION OF NOTCH SIGNALING PATHWAY		18	0.32578662	0.953313	0.49016392	0.71378314	1.0	284	tags=22%, list=5%, signal=23%	
GO:0007507 HEART DEVELOPMENT	GO:0007507 HEART DEVELOPMENT		21	0.30714822	0.9493001	0.53375196	0.71980435	1.0	635	tags=24%, list=12%, signal=27%	
GO:0005794 GOLGI APPARATUS	GO:0005794 GOLGI APPARATUS		137	0.21297811	0.9357738	0.6052632	0.7474327	1.0	1196	tags=24%, list=23%, signal=30%	
GO:0003697 SINGLE-STRANDED DNA BINDING	GO:0003697 SINGLE-STRANDED DNA BINDING		18	0.32258597	0.9352958	0.54859966	0.7457348	1.0	316	tags=17%, list=6%, signal=18%	
GO:0007030 GOLGI ORGANIZATION	GO:0007030 GOLGI ORGANIZATION		51	0.25051615	0.9326468	0.56222546	0.7489103	1.0	1097	tags=24%, list=21%, signal=29%	
GO:0045211 POSTSYNAPTIC MEMBRANE	GO:0045211 POSTSYNAPTIC MEMBRANE		34	0.2725431	0.92318666	0.5799373	0.7671092	1.0	756	tags=21%, list=14%, signal=24%	
GO:0048471 PERINUCLEAR REGION OF CYTOPLASM	GO:0048471 PERINUCLEAR REGION OF CYTOPLASM		48	0.2495247	0.920263	0.602719	0.7707884	1.0	1626	tags=38%, list=31%, signal=54%	
GO:0006281 DNA REPAIR	GO:0006281 DNA REPAIR		25	0.28342336	0.9201895	0.56058156	0.7680448	1.0	360	tags=16%, list=7%, signal=17%	
GO:0071456 CELLULAR RESPONSE TO HYPOXIA	GO:0071456 CELLULAR RESPONSE TO HYPOXIA		21	0.30190778	0.9173617	0.6006289	0.7715505	1.0	2107	tags=71%, list=40%, signal=118%	
GO:0003779 ACTIN BINDING	GO:0003779 ACTIN BINDING		44	0.2541351	0.9139877	0.6053812	0.77648574	1.0	534	tags=18%, list=10%, signal=20%	
GO:0051087 CHAPERONE BINDING	GO:0051087 CHAPERONE BINDING		25	0.2834496	0.91375554	0.5980551	0.77411956	1.0	1888	tags=40%, list=36%, signal=62%	
GO:0048190 WING DISC DORSAL/VENTRAL PATTERN FORMATION	GO:0048190 WING DISC DORSAL/VENTRAL PATTERN FORMATION		28	0.27582216	0.9128386	0.6058158	0.77333325	1.0	593	tags=21%, list=11%, signal=24%	
GO:0005884 ACTIN FILAMENT	GO:0005884 ACTIN FILAMENT		17	0.31629688	0.90939534	0.6047297	0.77790624	1.0	1111	tags=29%, list=21%, signal=37%	
GO:0000902 CELL MORPHOGENESIS	GO:0000902 CELL MORPHOGENESIS		42	0.25119817	0.9084707	0.62794346	0.7771118	1.0	1316	tags=31%, list=25%, signal=41%	
GO:0071805 POTASSIUM ION TRANSMEMBRANE TRANSPORT	GO:0071805 POTASSIUM ION TRANSMEMBRANE TRANSPORT		18	0.30190995	0.90134144	0.58861786	0.7896066	1.0	1120	tags=33%, list=21%, signal=42%	
GO:0016579 PROTEIN DEUBIQUITINATION	GO:0016579 PROTEIN DEUBIQUITINATION		27	0.27446908	0.90115726	0.6015625	0.78718245	1.0	942	tags=22%, list=18%, signal=27%	
GO:0001751 COMPOUND EYE PHOTORECEPTOR CELL DIFFERENTIATION	GO:0001751 COMPOUND EYE PHOTORECEPTOR CELL DIFFERENTIATION		15	0.32126892	0.90100026	0.5837398	0.7846942	1.0	1874	tags=47%, list=35%, signal=72%	
GO:0010506 REGULATION OF AUTOPHAGY	GO:0010506 REGULATION OF AUTOPHAGY		24	0.27952826	0.8959079	0.61064893	0.7927797	1.0	644	tags=21%, list=12%, signal=24%	
GO:0007526 LARVAL SOMATIC MUSCLE DEVELOPMENT	GO:0007526 LARVAL SOMATIC MUSCLE DEVELOPMENT		18	0.30559397	0.8933279	0.5943396	0.79536074	1.0	1554	tags=50%, list=29%, signal=71%	
GO:0042626 ATPASE-COUPLED TRANSMEMBRANE TRANSPORTER ACTIVITY	GO:0042626 ATPASE-COUPLED TRANSMEMBRANE TRANSPORTER ACTIVITY		22	0.28972682	0.8927896	0.6272285	0.79375327	1.0	897	tags=27%, list=17%, signal=33%	
GO:0030707 OVARIAN FOLLICLE CELL DEVELOPMENT	GO:0030707 OVARIAN FOLLICLE CELL DEVELOPMENT		49	0.24287602	0.8911255	0.6631098	0.79432094	1.0	1265	tags=29%, list=24%, signal=37%	
GO:0007264 SMALL GTPASE MEDIATED SIGNAL TRANSDUCTION	GO:0007264 SMALL GTPASE MEDIATED SIGNAL TRANSDUCTION		17	0.3111132	0.8885624	0.6211604	0.7969782	1.0	1796	tags=47%, list=34%, signal=71%	
GO:1903688 POSITIVE REGULATION OF BORDER FOLLICLE CELL MIGRATION	GO:1903688 POSITIVE REGULATION OF BORDER FOLLICLE CELL MIGRATION		22	0.28187534	0.8812423	0.6406995	0.8094557	1.0	299	tags=18%, list=6%, signal=19%	
GO:0007098 CENTROSOME CYCLE	GO:0007098 CENTROSOME CYCLE		19	0.3025856	0.878985	0.6272285	0.8113266	1.0	1546	tags=42%, list=29%, signal=59%	
GO:0005938 CELL CORTEX	GO:0005938 CELL CORTEX		76	0.21918178	0.87884444	0.70451236	0.8087799	1.0	559	tags=16%, list=11%, signal=17%	
GO:0006470 PROTEIN DEPHOSPHORYLATION	GO:0006470 PROTEIN DEPHOSPHORYLATION		50	0.2387972	0.8763224	0.6620795	0.811343	1.0	1601	tags=32%, list=30%, signal=45%	
GO:0001228 DNA-BINDING TRANSCRIPTION ACTIVATOR ACTIVITY, RNA POLYMERASE II-SPECIFIC	GO:0001228 DNA-BINDING TRANSCRIPTION ACTIVATOR ACTIVITY, RNA POLYMERASE II-SPECIFIC		22	0.28021297	0.876283	0.66887414	0.8085636	1.0	1800	tags=50%, list=34%, signal=76%	
GO:0007266 RHO PROTEIN SIGNAL TRANSDUCTION	GO:0007266 RHO PROTEIN SIGNAL TRANSDUCTION		15	0.31091714	0.87498426	0.64878047	0.8084852	1.0	1961	tags=47%, list=37%, signal=74%	
GO:0006906 VESICLE FUSION	GO:0006906 VESICLE FUSION		21	0.2853789	0.8741601	0.64440733	0.80730903	1.0	694	tags=14%, list=13%, signal=16%	
GO:0030036 ACTIN CYTOSKELETON ORGANIZATION	GO:0030036 ACTIN CYTOSKELETON ORGANIZATION		47	0.23684879	0.87319607	0.6729858	0.80637765	1.0	1756	tags=30%, list=33%, signal=44%	
GO:0006457 PROTEIN FOLDING	GO:0006457 PROTEIN FOLDING		58	0.22583148	0.86779046	0.7140696	0.8142545	1.0	1490	tags=31%, list=28%, signal=43%	
GO:0005703 POLYTENE CHROMOSOME PUFF	GO:0005703 POLYTENE CHROMOSOME PUFF		29	0.26509708	0.8663962	0.69206846	0.8142239	1.0	1766	tags=45%, list=33%, signal=67%	
GO:0007005 MITOCHONDRION ORGANIZATION	GO:0007005 MITOCHONDRION ORGANIZATION		31	0.25628194	0.85818243	0.71016693	0.82778883	1.0	611	tags=19%, list=12%, signal=22%	
GO:0007291 SPERM INDIVIDUALIZATION	GO:0007291 SPERM INDIVIDUALIZATION		30	0.25517386	0.8579021	0.7049689	0.8255035	1.0	1368	tags=30%, list=26%, signal=40%	
GO:0005635 NUCLEAR ENVELOPE	GO:0005635 NUCLEAR ENVELOPE		44	0.2359971	0.85485667	0.7003106	0.8287426	1.0	499	tags=16%, list=9%, signal=17%	
GO:0031902 LATE ENDOSOME MEMBRANE	GO:0031902 LATE ENDOSOME MEMBRANE		15	0.30535713	0.85484415	0.6884176	0.8259629	1.0	1017	tags=27%, list=19%, signal=33%	
GO:0051539 4 IRON, 4 SULFUR CLUSTER BINDING	GO:0051539 4 IRON, 4 SULFUR CLUSTER BINDING		17	0.2945566	0.8523737	0.6839465	0.8279764	1.0	1665	tags=41%, list=32%, signal=60%	
GO:0007156 HOMOPHILIC CELL ADHESION VIA PLASMA MEMBRANE ADHESION MOLECULES	GO:0007156 HOMOPHILIC CELL ADHESION VIA PLASMA MEMBRANE ADHESION MOLECULES		31	0.25011137	0.8495503	0.6895425	0.8307474	1.0	852	tags=23%, list=16%, signal=27%	
GO:0061077 CHAPERONE-MEDIATED PROTEIN FOLDING	GO:0061077 CHAPERONE-MEDIATED PROTEIN FOLDING		15	0.29947793	0.8484982	0.6556837	0.8299221	1.0	1911	tags=53%, list=36%, signal=83%	
GO:0010629 NEGATIVE REGULATION OF GENE EXPRESSION	GO:0010629 NEGATIVE REGULATION OF GENE EXPRESSION		26	0.25918108	0.8468146	0.6986971	0.8305281	1.0	1118	tags=23%, list=21%, signal=29%	
GO:0035091 PHOSPHATIDYLINOSITOL BINDING	GO:0035091 PHOSPHATIDYLINOSITOL BINDING		18	0.28785232	0.84488964	0.67320263	0.8316132	1.0	455	tags=17%, list=9%, signal=18%	
GO:0006508 PROTEOLYSIS	GO:0006508 PROTEOLYSIS		82	0.20536105	0.8357439	0.78045326	0.8463584	1.0	1176	tags=26%, list=22%, signal=32%	
GO:0000209 PROTEIN POLYUBIQUITINATION	GO:0000209 PROTEIN POLYUBIQUITINATION		39	0.23631448	0.83295935	0.75981873	0.84858423	1.0	1871	tags=36%, list=35%, signal=55%	
GO:0008407 CHAETA MORPHOGENESIS	GO:0008407 CHAETA MORPHOGENESIS		19	0.283256	0.83137816	0.70689654	0.84866256	1.0	1299	tags=32%, list=25%, signal=42%	
GO:0006629 LIPID METABOLIC PROCESS	GO:0006629 LIPID METABOLIC PROCESS		20	0.27086416	0.8233264	0.74915826	0.8612689	1.0	628	tags=20%, list=12%, signal=23%	
GO:0007606 SENSORY PERCEPTION OF CHEMICAL STIMULUS	GO:0007606 SENSORY PERCEPTION OF CHEMICAL STIMULUS		17	0.28539583	0.82267463	0.73495936	0.8598291	1.0	666	tags=24%, list=13%, signal=27%	
GO:0016477 CELL MIGRATION	GO:0016477 CELL MIGRATION		42	0.23132868	0.82142824	0.7551343	0.85939735	1.0	1174	tags=26%, list=22%, signal=33%	
GO:0055059 ASYMMETRIC NEUROBLAST DIVISION	GO:0055059 ASYMMETRIC NEUROBLAST DIVISION		16	0.2903971	0.82138103	0.700491	0.85667604	1.0	1913	tags=44%, list=36%, signal=68%	
GO:0071949 FAD BINDING	GO:0071949 FAD BINDING		15	0.28821373	0.82123107	0.7583333	0.8541491	1.0	1140	tags=33%, list=22%, signal=42%	
GO:0045451 POLE PLASM OSKAR MRNA LOCALIZATION	GO:0045451 POLE PLASM OSKAR MRNA LOCALIZATION		23	0.26800233	0.81781584	0.7294118	0.8575265	1.0	1627	tags=35%, list=31%, signal=50%	
GO:0032543 MITOCHONDRIAL TRANSLATION	GO:0032543 MITOCHONDRIAL TRANSLATION		81	0.20147596	0.81574416	0.8338028	0.85829115	1.0	1493	tags=31%, list=28%, signal=42%	
GO:0007430 TERMINAL BRANCHING, OPEN TRACHEAL SYSTEM	GO:0007430 TERMINAL BRANCHING, OPEN TRACHEAL SYSTEM		19	0.27073017	0.8150405	0.729097	0.8567829	1.0	1754	tags=42%, list=33%, signal=63%	
GO:0032456 ENDOCYTIC RECYCLING	GO:0032456 ENDOCYTIC RECYCLING		22	0.25858316	0.81090426	0.730832	0.8613097	1.0	1268	tags=32%, list=24%, signal=42%	
GO:0016199 AXON MIDLINE CHOICE POINT RECOGNITION	GO:0016199 AXON MIDLINE CHOICE POINT RECOGNITION		18	0.26874948	0.8061939	0.7355372	0.86670834	1.0	786	tags=22%, list=15%, signal=26%	
GO:0007552 METAMORPHOSIS	GO:0007552 METAMORPHOSIS		15	0.28269288	0.8056985	0.7631134	0.86479676	1.0	977	tags=33%, list=18%, signal=41%	
GO:0007427 EPITHELIAL CELL MIGRATION, OPEN TRACHEAL SYSTEM	GO:0007427 EPITHELIAL CELL MIGRATION, OPEN TRACHEAL SYSTEM		21	0.25995225	0.7990351	0.7635468	0.87315696	1.0	1855	tags=57%, list=35%, signal=88%	
GO:0005856 CYTOSKELETON	GO:0005856 CYTOSKELETON		33	0.2309401	0.7948751	0.8027523	0.8773273	1.0	1677	tags=33%, list=32%, signal=49%	
GO:0048024 REGULATION OF MRNA SPLICING, VIA SPLICEOSOME	GO:0048024 REGULATION OF MRNA SPLICING, VIA SPLICEOSOME		18	0.26473278	0.78840303	0.7804054	0.88514537	1.0	1639	tags=39%, list=31%, signal=56%	
GO:0045880 POSITIVE REGULATION OF SMOOTHENED SIGNALING PATHWAY	GO:0045880 POSITIVE REGULATION OF SMOOTHENED SIGNALING PATHWAY		39	0.22329848	0.7865984	0.79407173	0.8850975	1.0	1360	tags=31%, list=26%, signal=41%	
GO:0032482 RAB PROTEIN SIGNAL TRANSDUCTION	GO:0032482 RAB PROTEIN SIGNAL TRANSDUCTION		22	0.25199544	0.78436613	0.7859425	0.88586307	1.0	1508	tags=45%, list=29%, signal=63%	
GO:0045089 POSITIVE REGULATION OF INNATE IMMUNE RESPONSE	GO:0045089 POSITIVE REGULATION OF INNATE IMMUNE RESPONSE		20	0.26041952	0.781843	0.7660626	0.8870552	1.0	1484	tags=40%, list=28%, signal=55%	
GO:0000139 GOLGI MEMBRANE	GO:0000139 GOLGI MEMBRANE		41	0.21948397	0.778227	0.8296296	0.8896619	1.0	1949	tags=41%, list=37%, signal=65%	
GO:0008340 DETERMINATION OF ADULT LIFESPAN	GO:0008340 DETERMINATION OF ADULT LIFESPAN		108	0.18338145	0.77743334	0.9014286	0.8881457	1.0	1713	tags=33%, list=32%, signal=48%	
GO:0016791 PHOSPHATASE ACTIVITY	GO:0016791 PHOSPHATASE ACTIVITY		19	0.26202217	0.7750567	0.78453946	0.88903254	1.0	1024	tags=26%, list=19%, signal=33%	
GO:0030154 CELL DIFFERENTIATION	GO:0030154 CELL DIFFERENTIATION		16	0.26712146	0.7672213	0.8127036	0.8975442	1.0	1923	tags=50%, list=36%, signal=78%	
GO:0007391 DORSAL CLOSURE	GO:0007391 DORSAL CLOSURE		62	0.19591545	0.7664495	0.8864307	0.895881	1.0	573	tags=15%, list=11%, signal=16%	
GO:0008103 OOCYTE MICROTUBULE CYTOSKELETON POLARIZATION	GO:0008103 OOCYTE MICROTUBULE CYTOSKELETON POLARIZATION		15	0.2706982	0.7650366	0.7959866	0.8950632	1.0	2052	tags=47%, list=39%, signal=76%	
GO:0060090 MOLECULAR ADAPTOR ACTIVITY	GO:0060090 MOLECULAR ADAPTOR ACTIVITY		24	0.23815486	0.7628736	0.8375796	0.8951767	1.0	1108	tags=29%, list=21%, signal=37%	
GO:0043130 UBIQUITIN BINDING	GO:0043130 UBIQUITIN BINDING		23	0.23912522	0.7566169	0.8169717	0.90110284	1.0	2050	tags=48%, list=39%, signal=78%	
GO:0045879 NEGATIVE REGULATION OF SMOOTHENED SIGNALING PATHWAY	GO:0045879 NEGATIVE REGULATION OF SMOOTHENED SIGNALING PATHWAY		41	0.21620831	0.75597644	0.8689548	0.8991451	1.0	1061	tags=27%, list=20%, signal=33%	
GO:0007424 OPEN TRACHEAL SYSTEM DEVELOPMENT	GO:0007424 OPEN TRACHEAL SYSTEM DEVELOPMENT		45	0.20377508	0.75293946	0.8869969	0.9005768	1.0	1356	tags=29%, list=26%, signal=39%	
GO:0090263 POSITIVE REGULATION OF CANONICAL WNT SIGNALING PATHWAY	GO:0090263 POSITIVE REGULATION OF CANONICAL WNT SIGNALING PATHWAY		35	0.21653861	0.7451295	0.8681818	0.9083992	1.0	1584	tags=37%, list=30%, signal=53%	
GO:0035331 NEGATIVE REGULATION OF HIPPO SIGNALING	GO:0035331 NEGATIVE REGULATION OF HIPPO SIGNALING		27	0.22635795	0.7291474	0.88391376	0.92507595	1.0	1906	tags=41%, list=36%, signal=63%	
GO:0031982 VESICLE	GO:0031982 VESICLE		38	0.20774253	0.72625536	0.8870229	0.92546105	1.0	1809	tags=50%, list=34%, signal=75%	
GO:0004930 G PROTEIN-COUPLED RECEPTOR ACTIVITY	GO:0004930 G PROTEIN-COUPLED RECEPTOR ACTIVITY		18	0.24209777	0.7243243	0.8672269	0.9248798	1.0	1131	tags=28%, list=21%, signal=35%	
GO:0000049 TRNA BINDING	GO:0000049 TRNA BINDING		25	0.2217541	0.7060097	0.9085072	0.9418737	1.0	1953	tags=48%, list=37%, signal=76%	
GO:0046579 POSITIVE REGULATION OF RAS PROTEIN SIGNAL TRANSDUCTION	GO:0046579 POSITIVE REGULATION OF RAS PROTEIN SIGNAL TRANSDUCTION		17	0.23867366	0.6931503	0.8894309	0.9516848	1.0	731	tags=18%, list=14%, signal=20%	
GO:0003723 RNA BINDING	GO:0003723 RNA BINDING		240	0.14690629	0.68825006	1.0	0.9532601	1.0	1224	tags=21%, list=23%, signal=26%	
GO:0003700 DNA-BINDING TRANSCRIPTION FACTOR ACTIVITY	GO:0003700 DNA-BINDING TRANSCRIPTION FACTOR ACTIVITY		30	0.20447025	0.679615	0.9230769	0.95777994	1.0	1059	tags=20%, list=20%, signal=25%	
GO:0005911 CELL-CELL JUNCTION	GO:0005911 CELL-CELL JUNCTION		24	0.21202436	0.670823	0.92698413	0.96180433	1.0	1662	tags=42%, list=31%, signal=61%	
GO:0005102 SIGNALING RECEPTOR BINDING	GO:0005102 SIGNALING RECEPTOR BINDING		19	0.22239533	0.6638634	0.93376416	0.96415824	1.0	1607	tags=32%, list=30%, signal=45%	
GO:0038023 SIGNALING RECEPTOR ACTIVITY	GO:0038023 SIGNALING RECEPTOR ACTIVITY		17	0.22698696	0.66014063	0.9238095	0.96389496	1.0	701	tags=18%, list=13%, signal=20%	
GO:0046329 NEGATIVE REGULATION OF JNK CASCADE	GO:0046329 NEGATIVE REGULATION OF JNK CASCADE		21	0.21314743	0.65007395	0.93699515	0.9675645	1.0	661	tags=14%, list=13%, signal=16%	
GO:0006812 CATION TRANSPORT	GO:0006812 CATION TRANSPORT		19	0.19944896	0.6066948	0.9579968	0.98713917	1.0	1336	tags=26%, list=25%, signal=35%	
GO:0042594 RESPONSE TO STARVATION	GO:0042594 RESPONSE TO STARVATION		35	0.1719693	0.59064656	0.9827044	0.99007547	1.0	1178	tags=20%, list=22%, signal=26%	
GO:0008345 LARVAL LOCOMOTORY BEHAVIOR	GO:0008345 LARVAL LOCOMOTORY BEHAVIOR		24	0.1783447	0.56236273	0.9887097	0.9951486	1.0	1630	tags=33%, list=31%, signal=48%	
GO:0005795 GOLGI STACK	GO:0005795 GOLGI STACK		19	0.18453176	0.5483428	0.988255	0.9951804	1.0	1809	tags=42%, list=34%, signal=64%	
GO:0043066 NEGATIVE REGULATION OF APOPTOTIC PROCESS	GO:0043066 NEGATIVE REGULATION OF APOPTOTIC PROCESS		39	0.1530637	0.53804326	0.9953271	0.99426717	1.0	834	tags=13%, list=16%, signal=15%	
GO:0030136 CLATHRIN-COATED VESICLE	GO:0030136 CLATHRIN-COATED VESICLE		16	0.1616194	0.45240876	0.99657536	0.99903065	1.0	2380	tags=50%, list=45%, signal=91%	
